Type,Product,Started Date,Completed Date,Description,Amount,Fee,Currency,State,Balance
TOPUP,Current,2026-08-01 09:12:44,2026-08-01 09:12:47,Salary – Example s.r.o.,1850.00,0.00,EUR,COMPLETED,2100.00
TRANSFER,Current,2026-08-01 18:30:02,2026-08-01 18:30:05,Rent August,-620.00,0.00,EUR,COMPLETED,1480.00
CARD_PAYMENT,Current,2026-08-03 17:45:10,2026-08-03 17:45:13,Lidl,-46.32,0.00,EUR,COMPLETED,1433.68
CARD_PAYMENT,Current,2026-08-05 08:02:55,2026-08-05 08:02:58,Bolt,-6.80,0.00,EUR,COMPLETED,1426.88
CARD_PAYMENT,Current,2026-08-07 20:14:31,2026-08-07 20:14:34,Wolt,-21.50,0.00,EUR,COMPLETED,1405.38
CARD_PAYMENT,Current,2026-08-10 12:00:00,2026-08-10 12:00:03,Spotify,-10.99,0.00,EUR,COMPLETED,1394.39
TRANSFER,Current,2026-08-12 07:00:00,2026-08-12 07:00:03,To EUR Savings,-200.00,0.00,EUR,COMPLETED,1194.39
TRANSFER,Savings,2026-08-12 07:00:00,2026-08-12 07:00:03,From EUR Current,200.00,0.00,EUR,COMPLETED,1200.00
ATM,Current,2026-08-15 13:22:09,2026-08-15 13:22:12,Cash at ATM,-100.00,1.99,EUR,COMPLETED,1092.40
CARD_PAYMENT,Current,2026-08-18 19:05:41,2026-08-18 19:05:44,Kaufland,-63.15,0.00,EUR,COMPLETED,1029.25
CARD_REFUND,Current,2026-08-20 10:11:12,2026-08-20 10:11:15,Bolt,6.80,0.00,EUR,COMPLETED,1036.05
CARD_PAYMENT,Current,2026-08-22 16:40:00,,Decathlon,-39.99,0.00,EUR,REVERTED,
INTEREST,Savings,2026-08-31 23:59:59,2026-08-31 23:59:02,Interest earned,0.62,0.00,EUR,COMPLETED,1200.62
TOPUP,Current,2026-09-01 09:10:03,2026-09-01 09:10:06,Salary – Example s.r.o.,1850.00,0.00,EUR,COMPLETED,2886.05
TRANSFER,Current,2026-09-01 18:31:47,2026-09-01 18:31:50,Rent September,-620.00,0.00,EUR,COMPLETED,2266.05
CARD_PAYMENT,Current,2026-09-02 17:20:30,2026-09-02 17:20:33,Lidl,-38.74,0.00,EUR,COMPLETED,2227.31
CARD_PAYMENT,Current,2026-09-04 08:15:20,2026-09-04 08:15:23,Bolt,-8.40,0.00,EUR,COMPLETED,2218.91
CARD_PAYMENT,Current,2026-09-06 21:03:11,2026-09-06 21:03:14,Bolt Food,-17.90,0.00,EUR,COMPLETED,2201.01
CARD_PAYMENT,Current,2026-09-10 12:00:00,2026-09-10 12:00:03,Spotify,-10.99,0.00,EUR,COMPLETED,2190.02
CARD_PAYMENT,Current,2026-09-14 11:47:36,2026-09-14 11:47:39,Amazon,-24.99,0.00,EUR,COMPLETED,2165.03
CARD_PAYMENT,Current,2026-09-19 18:22:05,2026-09-19 18:22:08,Kaufland,-71.08,0.00,EUR,COMPLETED,2093.95
CARD_PAYMENT,Current,2026-09-30 22:10:00,,Wolt,-19.40,0.00,EUR,PENDING,
